Date,Principal,Interest
May 14 2025,6333.44,43.03
June 14 2025,6233.77,42.37
July 14 2025,6133.43,41.7
August 14 2025,6032.42,41.03
September 14 2025,5930.74,40.36
October 14 2025,5828.38,39.68
November 14 2025,5725.33,38.99
December 14 2025,5621.59,38.3
January 14 2026,5517.16,37.61
February 14 2026,5412.03,36.91
March 14 2026,5306.2,36.21
April 14 2026,5199.66,35.5
May 14 2026,5092.41,34.79
June 14 2026,4984.44,34.07
July 14 2026,4875.75,33.35
August 14 2026,4766.33,32.62
September 14 2026,4656.18,31.89
October 14 2026,4545.29,31.15
November 14 2026,4433.66,30.41
December 14 2026,4321.28,29.66
January 14 2027,4208.15,28.91
February 14 2027,4094.26,28.15
March 14 2027,3979.61,27.39
April 14 2027,3864.19,26.62
May 14 2027,3748.0,25.85
June 14 2027,3631.03,25.07
July 14 2027,3513.28,24.29
August 14 2027,3394.74,23.5
September 14 2027,3275.41,22.71
October 14 2027,3155.28,21.91
November 14 2027,3034.35,21.11
December 14 2027,2912.61,20.3
January 14 2028,2790.06,19.49
February 14 2028,2666.69,18.67
March 14 2028,2542.49,17.84
April 14 2028,2417.46,17.01
May 14 2028,2291.59,16.17
June 14 2028,2164.88,15.33
July 14 2028,2037.32,14.48
August 14 2028,1908.91,13.63
September 14 2028,1779.64,12.77
October 14 2028,1649.51,11.91
November 14 2028,1518.51,11.04
December 14 2028,1386.63,10.16
January 14 2029,1253.87,9.28
February 14 2029,1120.22,8.39
March 14 2029,985.67,7.49
April 14 2029,850.22,6.59
May 14 2029,713.87,5.69
June 14 2029,576.61,4.78
July 14 2029,438.43,3.86
August 14 2029,299.32,2.93
September 14 2029,159.28,2.0
October 14 2029,18.31,1.07
November 14 2029,0.0,0.12
